AccID,Label
c8f5a7fa-4b2b-470f-8ad5-1c367a3c934a,0
95daa45d-3dfd-4c60-aae4-05e78b0de26e,0
40536c2d-c0a2-4486-b0aa-60b36dfa290a,0
52a2254d-44e5-4dc9-8e08-1b135096172c,0
1e0363e4-2029-4b62-a9ec-d909cee000cb,1
eb80678a-d0e1-48df-9229-fcd9c706874d,0
5b47579d-a965-415b-8eac-1565dd327839,1
f8984e3d-a6bb-48ca-9209-a44dcccf91d4,1
80707e33-72d5-49fd-a415-0818a2d44e04,0
b8e3fb51-f821-4460-9ecc-1cb95c6191f3,0
d88ba925-12d2-45aa-98f6-108edaf3cc76,0
1c53c861-e605-47f7-b854-c616a4d4fa04,1
b0e16d8e-21a5-4b19-92c7-3f2143cb81f8,1
634301de-76a4-4b02-a352-f2b16b070d1d,0
a1a81ae2-902e-4474-b136-31b79b5438de,0
c160c61b-bc29-4aca-a7d1-aa267b7dd49c,0
84a8ffd4-83be-4406-98e1-592759400fe1,0
f804d04e-14b9-4de4-87b1-091a4af4c8e8,0
4f0f480f-79ee-4ebf-9a8d-5f79b19f828f,1
2f05be78-29eb-4789-8073-3a7cfafbca32,0
c1d11e87-7c74-433a-9aaa-e1cf1d74e7d9,0
ce4007d8-b1f1-48b7-a5b7-1d2801bb3171,0
c3d173de-7b04-438d-ac99-81d13e7070a7,1
5e1bf25f-aaa9-44cf-b80d-94afd426cd42,1
ad9ade4f-9ac3-41d7-b10e-dfc9cf76b491,0
cf3f598a-e88f-4380-abe1-05b49242d197,1
d1a3216e-b7fc-4d2a-b92a-8600d7cefaa2,0
c9f657bb-7e54-4ea8-863a-0bddb0ca8ca1,0
1713ba39-b275-4966-9a50-dfef7989ac0c,0
d895ca2e-1689-4657-9585-07e0a653c11c,0
7418446a-555f-4ae2-8a6f-acad011769eb,1
d6aa16ba-e9d3-43f4-acbc-2826b717fbc3,0
f296c98a-69af-4191-9f21-1fd5bd0de8d4,1
8ce96199-a1ad-4f50-a1c2-5323064b2272,1
4720b209-7cb8-46af-9b74-879f21280053,1
9d2e4a58-15a7-4c67-9422-793ebad155f6,1
8b866cac-39ad-4369-b27b-628394842bc7,0
2cb03547-3071-4588-a939-ed5a56fe3d9a,1
bc9e9be5-fdf4-4fe7-90b9-fe631bffbd0e,0
4cfc1ad0-5d41-4bad-a7bd-e377e0e59147,1
deb1da75-fd5e-40fd-9b85-a0c93ddf1b51,0
d4dc5e29-1d4c-42ad-bf35-172d42a39b62,0
e6582308-8889-4cfe-8989-026b198211f2,1
c6dfe03c-4a2f-4d9d-a8c9-37512f0b1310,0
e88500e8-1c2a-4b46-8757-aa017da81a62,0
95cd5bc4-0e2d-42cc-8d86-60331deb6a08,1
746153fe-b73e-4a19-8b8a-808f17e11341,0
f8aa6a4c-92f0-4d32-ae42-1173ffe65bca,1
b9d188dc-3d08-4683-9ebb-6962a4515f67,0
9afa5f6c-cd1f-4dba-85a1-ced90f9a7e9b,1
cf661499-f93c-47f2-9e2d-760b7eaf106b,1
4627404e-694a-4f94-b600-98f32a4b0a49,1
91cebaca-6bf1-40ac-a3d5-212763802b0f,0
202cb612-360d-408f-9dc2-6d1d16c414a3,0
316a00e6-3afe-449a-8284-3249f45f1adf,0
0178d56c-1e52-4e25-af41-cd6a9c60db1a,1
2829148f-d9bb-42f1-912a-667dbea68905,0
623a8f9a-77c9-4937-b4bf-0e83884c34df,0
e5f86e60-725c-4c47-a21f-7b7a95de5ed1,1
8907e763-7949-4a26-b1e6-193d7b6b49e3,0
2519ff14-cba8-4a6f-b4ec-6cdff029e4eb,0
29eed6fe-2ea7-4b76-9ae7-81679ca9bc74,1
7417b04d-4382-4601-9229-ad6b8dcab5b7,0
612a1712-fdfa-48f7-a12c-12fc58972e8a,0
f7f07470-f2ad-4f09-9235-c15fc63d0ee2,0
98e3e35e-2f26-4c2e-aac6-c3c1961d036a,0
532e1d1c-60e4-49cf-a36b-40e4683920b6,0
f51bdb06-3999-4f01-8807-7613a73f0b5d,1
613516cf-f200-455e-9d7a-4892d82a0f7a,1
65cbf79d-d24a-4a61-8b18-a1815d501bec,0
ae79949a-4593-4399-ae21-aab5191d0b51,1
ae78cc6b-8222-47a6-abb5-f962a9ac9787,0
c7c4076d-9222-4cff-88a2-a620f92ba7fc,1
b95029b5-3c6c-4281-9344-1317f07a6c2d,0
bdf8b545-7050-4a5d-aaf7-ecb777857dfd,1
da71d8cc-f281-4ba2-86f7-041c9b3fd676,0
e31dee63-7cff-423d-95c3-c65d42e51f32,1
2ce144d4-2889-4ba8-ac7f-0a8286b2d5b8,0
d9088e21-564d-4fbd-afb7-bf2560a8c0cb,1
1c3c8691-d001-4096-81cf-a6f7b6cc9ad5,0
558849fd-916e-4c70-a45b-345c7625a05a,0
1e2e1ad6-d9d9-4f04-b078-0f638934eb7f,1
52918596-7cfb-43fb-a1d8-92f149dfdf91,0
6d0f2bbe-3971-427d-b185-05b43485a3af,0
7350b72f-a310-4d6f-b48f-d1369538be9d,1
675a463b-2c11-4be8-9b76-09b0622bf8ed,1
0be33765-977c-4cc5-952d-22c79bf15885,1
6d7359c8-f43b-4149-9087-730e53b2bd1d,0
6876252d-4e1e-4458-9794-db445282d226,0
e2e059ce-f835-4e50-a886-7939d204608c,1
fa608937-a464-4c3c-8a1e-c6f3f3bcc5d9,0
85e7f06a-790a-4a2d-90c7-30eb79f275f9,0
64cba6dd-0a1e-490e-a0d1-a412a2e4967d,0
b144e5ab-e280-4bcc-a9d9-cd29ffcf0919,0
0dcd58f2-e378-4693-9983-2c8d323c14d1,0
1a7d99d9-f7b8-4c6a-955c-5c3dcfb420d9,1
5a180005-96d7-4ae7-ae0c-efe00731cf66,1
4b781bbe-6833-485c-9d2d-13f02a4c0982,1
4f909ad4-e163-4c09-b6ad-2c4a807f9899,0
3acdcf91-840d-436b-ae85-9ba45a61e8be,1
